-- MySQL dump 10.13  Distrib 8.0.27, for Linux (x86_64)
--
-- Host: localhost    Database: gestionvente_db
-- ------------------------------------------------------
-- Server version	8.0.27-0ubuntu0.20.04.1

/*!40101 SET @OLD_CHARACTER_SET_CLIENT=@@CHARACTER_SET_CLIENT */;
/*!40101 SET @OLD_CHARACTER_SET_RESULTS=@@CHARACTER_SET_RESULTS */;
/*!40101 SET @OLD_COLLATION_CONNECTION=@@COLLATION_CONNECTION */;
/*!50503 SET NAMES utf8mb4 */;
/*!40103 SET @OLD_TIME_ZONE=@@TIME_ZONE */;
/*!40103 SET TIME_ZONE='+00:00' */;
/*!40014 SET @OLD_UNIQUE_CHECKS=@@UNIQUE_CHECKS, UNIQUE_CHECKS=0 */;
/*!40014 SET @OLD_FOREIGN_KEY_CHECKS=@@FOREIGN_KEY_CHECKS, FOREIGN_KEY_CHECKS=0 */;
/*!40101 SET @OLD_SQL_MODE=@@SQL_MODE, SQL_MODE='NO_AUTO_VALUE_ON_ZERO' */;
/*!40111 SET @OLD_SQL_NOTES=@@SQL_NOTES, SQL_NOTES=0 */;

--
-- Table structure for table `client`
--

DROP TABLE IF EXISTS `client`;
/*!40101 SET @saved_cs_client     = @@character_set_client */;
/*!50503 SET character_set_client = utf8mb4 */;
CREATE TABLE `client` (
  `id` int unsigned NOT NULL AUTO_INCREMENT,
  `nom` varchar(30) NOT NULL,
  `adresse` varchar(200) NOT NULL,
  `localite` varchar(200) NOT NULL,
  `Catégorie` varchar(200) NOT NULL,
  `compte` varchar(200) NOT NULL,
  PRIMARY KEY (`id`)
) ENGINE=InnoDB AUTO_INCREMENT=501 DEFAULT CHARSET=utf8mb4 COLLATE=utf8mb4_0900_ai_ci;
/*!40101 SET character_set_client = @saved_cs_client */;

--
-- Dumping data for table `client`
--

LOCK TABLES `client` WRITE;
/*!40000 ALTER TABLE `client` DISABLE KEYS */;
INSERT INTO `client` VALUES (15,'Skell','40527 Pearson Terrace','dui vel sem sed sagittis nam congue risus semper porta volutpat','condimentum id luctus nec molestie sed justo pellentesque viverra pede ac diam cras pellentesque volutpat dui','16'),(19,'Aloise','2 Scoville Way','faucibus orci luctus et ultrices posuere cubilia curae nulla dapibus','nec molestie sed justo pellentesque viverra pede ac diam cras pellentesque volutpat dui maecenas tristique est et tempus semper est quam pharetra magna ac consequat metus sapien','7'),(23,'Amargo','0 Logan Terrace','est lacinia nisi venenatis tristique fusce congue diam id ornare imperdiet sapien urna pretium nisl ut volutpat sapien arcu sed augue aliquam erat volutpat in congue','libero non mattis pulvinar nulla pede ullamcorper augue a suscipit nulla elit ac nulla sed vel enim sit amet nunc viverra dapibus nulla','16'),(24,'Allis','68 Donald Way','commodo placerat praesent blandit nam nulla integer pede justo lacinia eget tincidunt eget','mauris laoreet ut rhoncus aliquet pulvinar sed nisl nunc rhoncus dui vel sem sed sagittis nam congue risus semper','15'),(26,'Rhianon','6 Charing Cross Terrace','velit eu est congue elementum in hac habitasse platea dictumst morbi vestibulum velit id pretium iaculis','pulvinar nulla pede ullamcorper augue a suscipit nulla elit ac nulla sed vel enim sit','20'),(29,'Daisi','23 Ohio Avenue','parturient montes nascetur ridiculus mus vivamus vestibulum sagittis sapien cum sociis natoque penatibus et magnis dis parturient montes nascetur','nullam molestie nibh in lectus pellentesque at nulla suspendisse potenti cras in purus eu magna vulputate luctus cum sociis natoque penatibus et magnis','4'),(30,'Jeffry','78153 South Place','velit id pretium iaculis diam erat fermentum justo nec condimentum neque sapien placerat ante nulla justo aliquam quis turpis eget elit sodales','cursus vestibulum proin eu mi nulla ac enim in tempor turpis nec euismod','6'),(31,'Merrel','6 Melby Junction','ornare consequat lectus in est risus auctor sed tristique in tempus sit amet sem fusce consequat nulla nisl nunc nisl duis bibendum','pharetra magna vestibulum aliquet ultrices erat tortor sollicitudin mi sit amet lobortis','18'),(33,'Jillie','2 Barnett Place','praesent id massa id nisl venenatis lacinia aenean sit amet justo morbi ut odio cras mi pede malesuada in imperdiet et commodo vulputate justo in blandit ultrices enim lorem','sapien cum sociis natoque penatibus et magnis dis parturient montes nascetur ridiculus mus etiam vel augue vestibulum rutrum rutrum neque aenean auctor gravida sem praesent id massa id','7'),(34,'Theresita','710 Toban Alley','amet diam in magna bibendum imperdiet nullam orci pede venenatis non sodales sed tincidunt eu','lorem ipsum dolor sit amet consectetuer adipiscing elit proin interdum','10'),(37,'Carlina','336 Golf Street','lectus aliquam sit amet diam in magna bibendum imperdiet nullam orci pede venenatis non sodales sed tincidunt eu felis fusce posuere felis','velit vivamus vel nulla eget eros elementum pellentesque quisque porta volutpat erat quisque erat eros viverra eget congue eget semper rutrum nulla nunc purus','10'),(38,'Stinky','97 Eastwood Place','orci luctus et ultrices posuere cubilia curae duis faucibus accumsan odio curabitur convallis duis consequat dui nec nisi volutpat eleifend donec ut dolor morbi vel lectus in','aliquet ultrices erat tortor sollicitudin mi sit amet lobortis sapien sapien non mi integer ac neque duis bibendum morbi non quam nec dui luctus rutrum nulla','15'),(41,'Portia','251 Cardinal Plaza','libero non mattis pulvinar nulla pede ullamcorper augue a suscipit nulla elit ac nulla sed vel enim sit amet nunc viverra dapibus nulla suscipit ligula in lacus curabitur at ipsum ac tellus','justo eu massa donec dapibus duis at velit eu est congue elementum in hac habitasse','10'),(44,'Persis','915 Sutteridge Hill','dictumst etiam faucibus cursus urna ut tellus nulla ut erat id mauris vulputate elementum nullam varius nulla facilisi cras non velit nec nisi vulputate nonummy maecenas tincidunt','donec semper sapien a libero nam dui proin leo odio','10'),(48,'Early','28 Service Junction','lectus suspendisse potenti in eleifend quam a odio in hac habitasse platea dictumst maecenas ut massa quis augue luctus','est phasellus sit amet erat nulla tempus vivamus in felis eu sapien cursus vestibulum proin eu mi nulla ac enim in tempor turpis','11'),(52,'Alexandro','43 Hazelcrest Street','rhoncus dui vel sem sed sagittis nam congue risus semper','in imperdiet et commodo vulputate justo in blandit ultrices enim lorem','8'),(54,'Frans','38 Clyde Gallagher Crossing','vestibulum rutrum rutrum neque aenean auctor gravida sem praesent id massa id nisl venenatis lacinia aenean sit amet justo morbi ut odio cras mi pede malesuada in imperdiet et','ac leo pellentesque ultrices mattis odio donec vitae nisi nam ultrices libero non mattis pulvinar nulla pede ullamcorper augue a suscipit nulla elit ac','6'),(56,'Valentina','253 Kings Drive','mattis egestas metus aenean fermentum donec ut mauris eget massa tempor convallis nulla neque libero convallis eget eleifend luctus ultricies eu nibh quisque','convallis morbi odio odio elementum eu interdum eu tincidunt in leo maecenas pulvinar','13'),(58,'Chandal','7 Oneill Junction','vehicula consequat morbi a ipsum integer a nibh in quis justo maecenas rhoncus aliquam lacus morbi quis tortor id nulla ultrices aliquet maecenas leo odio','quam pharetra magna ac consequat metus sapien ut nunc vestibulum ante ipsum primis in faucibus orci luctus et ultrices posuere cubilia curae mauris viverra diam','9'),(64,'Ivonne','2705 Almo Junction','euismod scelerisque quam turpis adipiscing lorem vitae mattis nibh ligula nec sem duis aliquam convallis nunc proin at turpis a pede posuere nonummy integer non velit donec diam neque','non mauris morbi non lectus aliquam sit amet diam in magna bibendum imperdiet nullam orci pede venenatis non sodales sed tincidunt','12'),(67,'Tann','3 Meadow Vale Lane','eget massa tempor convallis nulla neque libero convallis eget eleifend luctus ultricies eu nibh quisque id justo sit amet sapien dignissim vestibulum vestibulum ante ipsum primis in','mollis molestie lorem quisque ut erat curabitur gravida nisi at','14'),(68,'Zebedee','94229 Golden Leaf Trail','donec dapibus duis at velit eu est congue elementum in hac habitasse platea dictumst morbi vestibulum velit id pretium iaculis diam erat','enim sit amet nunc viverra dapibus nulla suscipit ligula in','8'),(69,'Julie','5 Golf Crossing','eget tempus vel pede morbi porttitor lorem id ligula suspendisse ornare consequat lectus in est risus auctor sed tristique in tempus sit amet sem fusce consequat nulla nisl nunc nisl duis bibendum','ac diam cras pellentesque volutpat dui maecenas tristique est et tempus semper est quam pharetra magna ac consequat metus sapien ut nunc vestibulum ante ipsum primis in','16'),(74,'Robert','97249 Eastlawn Place','at lorem integer tincidunt ante vel ipsum praesent blandit lacinia erat vestibulum sed magna at nunc commodo placerat praesent blandit nam nulla integer pede','amet consectetuer adipiscing elit proin risus praesent lectus vestibulum quam sapien varius ut','8'),(76,'Napoleon','4056 8th Park','accumsan tortor quis turpis sed ante vivamus tortor duis mattis egestas metus aenean fermentum donec ut mauris eget massa tempor convallis nulla neque','id luctus nec molestie sed justo pellentesque viverra pede ac diam cras pellentesque volutpat dui maecenas tristique est et tempus semper est quam pharetra magna ac consequat metus sapien ut','10'),(84,'Arnie','8658 Pawling Crossing','rutrum ac lobortis vel dapibus at diam nam tristique tortor eu pede','non sodales sed tincidunt eu felis fusce posuere felis sed lacus morbi sem mauris laoreet ut rhoncus aliquet pulvinar sed nisl nunc rhoncus dui vel sem','19'),(85,'Gerladina','50949 Ryan Place','in sapien iaculis congue vivamus metus arcu adipiscing molestie hendrerit at vulputate vitae nisl aenean lectus pellentesque eget nunc donec quis orci eget orci vehicula condimentum curabitur','non sodales sed tincidunt eu felis fusce posuere felis sed lacus morbi sem mauris laoreet ut rhoncus aliquet pulvinar sed nisl','2'),(87,'Andris','4 Anthes Point','in lacus curabitur at ipsum ac tellus semper interdum mauris ullamcorper purus sit amet nulla quisque','dui proin leo odio porttitor id consequat in consequat ut nulla sed accumsan felis ut at dolor quis odio consequat varius integer ac leo pellentesque ultrices mattis odio donec vitae nisi nam ultrices','1'),(94,'Graehme','806 Pine View Junction','iaculis diam erat fermentum justo nec condimentum neque sapien placerat ante nulla justo','lectus in quam fringilla rhoncus mauris enim leo rhoncus sed vestibulum sit amet cursus id turpis integer aliquet massa','2'),(95,'Reed','48 Hansons Street','nunc viverra dapibus nulla suscipit ligula in lacus curabitur at ipsum ac','odio consequat varius integer ac leo pellentesque ultrices mattis odio donec vitae nisi nam ultrices libero non mattis pulvinar nulla pede ullamcorper augue a suscipit nulla elit ac nulla','16'),(98,'Arnold','96 Arapahoe Trail','ultrices enim lorem ipsum dolor sit amet consectetuer adipiscing elit proin','lorem id ligula suspendisse ornare consequat lectus in est risus auctor sed tristique in tempus sit amet sem fusce consequat nulla nisl nunc nisl duis bibendum felis','1'),(105,'Ingra','4661 Oriole Drive','nibh in lectus pellentesque at nulla suspendisse potenti cras in purus eu magna vulputate luctus cum sociis natoque penatibus et magnis dis parturient montes','volutpat convallis morbi odio odio elementum eu interdum eu tincidunt in leo maecenas','18'),(107,'Sheree','648 North Hill','velit eu est congue elementum in hac habitasse platea dictumst morbi vestibulum velit id pretium iaculis diam erat fermentum justo nec condimentum','lobortis sapien sapien non mi integer ac neque duis bibendum morbi non quam nec dui luctus rutrum nulla tellus in sagittis dui vel nisl duis ac nibh','1'),(108,'Norah','4411 Mccormick Plaza','ligula pellentesque ultrices phasellus id sapien in sapien iaculis congue vivamus metus arcu adipiscing molestie hendrerit at vulputate vitae','fusce lacus purus aliquet at feugiat non pretium quis lectus suspendisse potenti in eleifend quam a odio in hac habitasse platea dictumst maecenas ut massa quis augue','3'),(110,'Beverlee','538 Cherokee Trail','rutrum nulla tellus in sagittis dui vel nisl duis ac nibh fusce lacus purus','morbi vel lectus in quam fringilla rhoncus mauris enim leo rhoncus sed vestibulum sit amet cursus id turpis integer aliquet massa id lobortis convallis tortor risus dapibus','2'),(112,'Selena','859 Becker Way','in imperdiet et commodo vulputate justo in blandit ultrices enim lorem ipsum dolor sit amet consectetuer adipiscing elit proin interdum mauris non ligula pellentesque ultrices phasellus id','est et tempus semper est quam pharetra magna ac consequat metus sapien ut nunc vestibulum ante ipsum primis in faucibus orci luctus et ultrices posuere cubilia curae mauris viverra diam vitae','11'),(113,'Ugo','40239 Burrows Parkway','ipsum dolor sit amet consectetuer adipiscing elit proin risus praesent lectus vestibulum quam sapien varius ut blandit non interdum in ante vestibulum ante ipsum primis in faucibus orci luctus','magna bibendum imperdiet nullam orci pede venenatis non sodales sed tincidunt eu felis fusce posuere felis sed lacus morbi sem','6'),(117,'Feodor','6994 Johnson Pass','in quis justo maecenas rhoncus aliquam lacus morbi quis tortor id nulla ultrices aliquet maecenas leo odio condimentum id luctus nec molestie sed justo pellentesque viverra pede ac diam cras','ut rhoncus aliquet pulvinar sed nisl nunc rhoncus dui vel sem sed sagittis nam congue risus semper porta volutpat quam pede lobortis ligula sit amet eleifend pede libero quis','6'),(118,'Pauly','8938 Reinke Drive','condimentum curabitur in libero ut massa volutpat convallis morbi odio odio elementum eu interdum eu tincidunt in leo maecenas pulvinar lobortis est phasellus sit amet erat','vulputate luctus cum sociis natoque penatibus et magnis dis parturient montes nascetur ridiculus mus vivamus vestibulum sagittis','15'),(120,'Angelita','2 Shopko Avenue','quis lectus suspendisse potenti in eleifend quam a odio in hac habitasse platea dictumst maecenas ut massa quis augue luctus tincidunt nulla mollis','diam id ornare imperdiet sapien urna pretium nisl ut volutpat sapien arcu sed augue aliquam erat volutpat in congue etiam justo etiam pretium iaculis justo in hac habitasse platea','8'),(128,'Candace','99999 Kennedy Avenue','convallis nulla neque libero convallis eget eleifend luctus ultricies eu nibh quisque id justo sit amet sapien dignissim vestibulum vestibulum ante ipsum primis in faucibus orci luctus et','tellus in sagittis dui vel nisl duis ac nibh fusce lacus purus aliquet at feugiat non pretium quis lectus suspendisse potenti in eleifend quam a odio in hac habitasse','18'),(129,'Levin','52 Warner Junction','amet cursus id turpis integer aliquet massa id lobortis convallis tortor risus dapibus augue vel accumsan tellus nisi eu orci mauris','habitasse platea dictumst morbi vestibulum velit id pretium iaculis diam erat fermentum justo nec condimentum neque','19'),(131,'Madlin','2405 Buena Vista Center','suspendisse potenti nullam porttitor lacus at turpis donec posuere metus vitae ipsum aliquam non mauris morbi non lectus aliquam sit amet diam in','cum sociis natoque penatibus et magnis dis parturient montes nascetur ridiculus mus vivamus vestibulum sagittis sapien cum sociis natoque penatibus et magnis dis parturient montes nascetur ridiculus','12'),(133,'Abby','7703 Prairie Rose Point','in eleifend quam a odio in hac habitasse platea dictumst maecenas ut massa quis augue luctus tincidunt nulla mollis molestie lorem quisque ut erat curabitur gravida nisi','lorem ipsum dolor sit amet consectetuer adipiscing elit proin risus praesent','1'),(135,'Eachelle','14412 Farmco Junction','in ante vestibulum ante ipsum primis in faucibus orci luctus et ultrices posuere cubilia curae duis faucibus accumsan odio curabitur convallis duis','sapien ut nunc vestibulum ante ipsum primis in faucibus orci luctus et ultrices posuere cubilia','3'),(141,'Ardyce','29 East Parkway','potenti cras in purus eu magna vulputate luctus cum sociis natoque penatibus et magnis dis','orci luctus et ultrices posuere cubilia curae donec pharetra magna vestibulum aliquet ultrices erat','2'),(146,'Dorey','31 Carioca Junction','elementum ligula vehicula consequat morbi a ipsum integer a nibh','eu massa donec dapibus duis at velit eu est congue elementum in hac habitasse platea dictumst morbi','3'),(150,'Bird','44 Novick Street','enim lorem ipsum dolor sit amet consectetuer adipiscing elit proin interdum mauris non ligula pellentesque ultrices phasellus id sapien in sapien iaculis congue vivamus','non quam nec dui luctus rutrum nulla tellus in sagittis dui vel nisl duis ac nibh fusce lacus purus aliquet at feugiat non pretium quis lectus suspendisse potenti in eleifend quam a odio in','13'),(151,'Morgan','0237 Londonderry Pass','quam pede lobortis ligula sit amet eleifend pede libero quis orci nullam','eget massa tempor convallis nulla neque libero convallis eget eleifend luctus ultricies eu nibh quisque id','16'),(155,'Hammad','3 Muir Pass','iaculis diam erat fermentum justo nec condimentum neque sapien placerat ante nulla justo aliquam quis turpis','diam erat fermentum justo nec condimentum neque sapien placerat ante nulla justo aliquam quis turpis eget elit sodales scelerisque mauris sit amet eros suspendisse','18'),(157,'Mela','3 Manley Avenue','in ante vestibulum ante ipsum primis in faucibus orci luctus et ultrices posuere cubilia curae duis faucibus accumsan odio curabitur convallis duis consequat','pretium iaculis diam erat fermentum justo nec condimentum neque sapien placerat ante nulla justo aliquam quis turpis eget elit sodales scelerisque','9'),(158,'Marnia','53 Blaine Lane','suspendisse potenti in eleifend quam a odio in hac habitasse platea dictumst maecenas ut massa quis augue luctus tincidunt nulla','habitasse platea dictumst etiam faucibus cursus urna ut tellus nulla ut erat id mauris vulputate elementum','14'),(159,'Giulietta','25630 Erie Terrace','fusce consequat nulla nisl nunc nisl duis bibendum felis sed interdum venenatis turpis enim blandit mi in porttitor pede','quam pede lobortis ligula sit amet eleifend pede libero quis orci nullam molestie nibh in lectus','5'),(160,'Joane','560 Rusk Junction','vitae mattis nibh ligula nec sem duis aliquam convallis nunc','donec ut mauris eget massa tempor convallis nulla neque libero convallis eget eleifend','11'),(161,'Garnette','2935 Stang Terrace','nunc purus phasellus in felis donec semper sapien a libero nam dui proin leo odio porttitor id consequat in consequat ut nulla sed accumsan felis ut at dolor quis odio consequat varius integer ac','sollicitudin mi sit amet lobortis sapien sapien non mi integer ac neque duis bibendum morbi','15'),(166,'Meggi','97729 Forster Terrace','dictumst maecenas ut massa quis augue luctus tincidunt nulla mollis','odio in hac habitasse platea dictumst maecenas ut massa quis augue luctus tincidunt','11'),(168,'Clementina','1 Lillian Parkway','nam dui proin leo odio porttitor id consequat in consequat ut nulla sed accumsan felis ut at dolor quis odio consequat varius integer ac leo pellentesque ultrices mattis odio donec vitae nisi nam','nisi eu orci mauris lacinia sapien quis libero nullam sit amet turpis elementum ligula vehicula consequat morbi a ipsum integer a nibh in quis justo maecenas rhoncus aliquam','17'),(169,'Aimil','36 Dapin Hill','consequat nulla nisl nunc nisl duis bibendum felis sed interdum venenatis','justo maecenas rhoncus aliquam lacus morbi quis tortor id nulla ultrices aliquet maecenas leo odio condimentum id luctus nec molestie sed justo pellentesque viverra pede ac diam cras pellentesque','4'),(173,'Dodie','11 Sachtjen Pass','et eros vestibulum ac est lacinia nisi venenatis tristique fusce congue diam id ornare imperdiet sapien urna','dolor sit amet consectetuer adipiscing elit proin risus praesent lectus vestibulum quam sapien varius ut blandit non interdum','17'),(176,'Chrissie','99740 Old Shore Junction','purus aliquet at feugiat non pretium quis lectus suspendisse potenti in eleifend quam a odio in hac habitasse platea dictumst maecenas ut massa quis augue luctus tincidunt nulla mollis molestie','ligula pellentesque ultrices phasellus id sapien in sapien iaculis congue vivamus metus arcu adipiscing molestie hendrerit at vulputate','18'),(178,'Donielle','6280 Scofield Way','eget nunc donec quis orci eget orci vehicula condimentum curabitur in libero ut massa volutpat convallis morbi odio odio elementum eu interdum eu','varius integer ac leo pellentesque ultrices mattis odio donec vitae nisi nam ultrices libero non mattis pulvinar nulla pede ullamcorper augue','14'),(180,'Teodoro','7 Iowa Hill','ut dolor morbi vel lectus in quam fringilla rhoncus mauris enim leo rhoncus sed vestibulum sit amet cursus id turpis integer aliquet massa id lobortis convallis','aliquam sit amet diam in magna bibendum imperdiet nullam orci pede venenatis','5'),(181,'Nikolai','03349 Menomonie Court','id massa id nisl venenatis lacinia aenean sit amet justo morbi ut odio cras mi pede malesuada in imperdiet et commodo vulputate justo in blandit ultrices enim lorem ipsum dolor sit amet','sapien non mi integer ac neque duis bibendum morbi non quam nec dui luctus rutrum nulla tellus in sagittis dui vel nisl duis ac nibh fusce lacus purus aliquet at feugiat non','6'),(182,'Stace','5 6th Trail','turpis donec posuere metus vitae ipsum aliquam non mauris morbi non lectus aliquam sit amet diam in magna bibendum imperdiet nullam','ut suscipit a feugiat et eros vestibulum ac est lacinia nisi venenatis tristique fusce congue diam id ornare imperdiet sapien urna pretium nisl ut volutpat sapien arcu sed augue','14'),(183,'Claudelle','61588 Pawling Way','sapien iaculis congue vivamus metus arcu adipiscing molestie hendrerit at vulputate','primis in faucibus orci luctus et ultrices posuere cubilia curae nulla dapibus dolor vel est donec odio','18'),(184,'Myer','706 Clemons Crossing','viverra dapibus nulla suscipit ligula in lacus curabitur at ipsum','id ornare imperdiet sapien urna pretium nisl ut volutpat sapien arcu sed augue aliquam erat volutpat in congue etiam justo etiam pretium iaculis justo in hac habitasse','19'),(186,'Chariot','567 Vahlen Avenue','metus arcu adipiscing molestie hendrerit at vulputate vitae nisl aenean lectus pellentesque eget nunc','quis turpis sed ante vivamus tortor duis mattis egestas metus aenean fermentum donec ut mauris eget','7'),(188,'Aldous','2618 Duke Trail','etiam faucibus cursus urna ut tellus nulla ut erat id mauris','luctus et ultrices posuere cubilia curae donec pharetra magna vestibulum aliquet ultrices erat tortor sollicitudin mi sit amet','19'),(189,'Jimmie','4023 Clyde Gallagher Terrace','vestibulum velit id pretium iaculis diam erat fermentum justo nec condimentum neque sapien','orci nullam molestie nibh in lectus pellentesque at nulla suspendisse potenti cras in purus eu magna vulputate luctus cum sociis natoque penatibus et magnis dis parturient','19'),(190,'Jennifer','06517 Atwood Road','mi nulla ac enim in tempor turpis nec euismod scelerisque quam turpis adipiscing lorem vitae mattis nibh ligula nec sem','in purus eu magna vulputate luctus cum sociis natoque penatibus et magnis dis parturient montes nascetur','15'),(192,'Eirena','15288 Stang Junction','lorem integer tincidunt ante vel ipsum praesent blandit lacinia erat vestibulum sed magna at nunc commodo placerat','nulla tempus vivamus in felis eu sapien cursus vestibulum proin eu mi nulla ac','9'),(194,'Catrina','6 Bashford Trail','dignissim vestibulum vestibulum ante ipsum primis in faucibus orci luctus et ultrices posuere cubilia curae nulla dapibus','in faucibus orci luctus et ultrices posuere cubilia curae mauris viverra diam vitae quam suspendisse potenti nullam porttitor lacus at turpis donec posuere metus vitae ipsum aliquam non','8'),(195,'Axel','6340 High Crossing Plaza','fermentum donec ut mauris eget massa tempor convallis nulla neque libero convallis eget eleifend luctus ultricies eu nibh quisque','nulla sed vel enim sit amet nunc viverra dapibus nulla suscipit ligula in lacus curabitur at ipsum ac tellus semper interdum mauris ullamcorper purus sit amet nulla quisque arcu libero rutrum','5'),(196,'Fanya','9 Kropf Street','eget rutrum at lorem integer tincidunt ante vel ipsum praesent blandit lacinia erat vestibulum sed','consequat nulla nisl nunc nisl duis bibendum felis sed interdum venenatis turpis enim blandit mi in porttitor pede justo eu massa donec','3'),(198,'Johan','22066 Aberg Road','morbi porttitor lorem id ligula suspendisse ornare consequat lectus in est risus auctor sed tristique in tempus sit amet sem fusce consequat nulla nisl nunc','a libero nam dui proin leo odio porttitor id consequat in consequat','15'),(208,'Vittorio','556 Division Trail','lorem ipsum dolor sit amet consectetuer adipiscing elit proin risus praesent lectus vestibulum quam sapien varius ut blandit non interdum in ante vestibulum ante ipsum primis in faucibus','non velit nec nisi vulputate nonummy maecenas tincidunt lacus at velit vivamus vel nulla eget eros elementum pellentesque quisque porta volutpat erat quisque erat','1'),(209,'Alaster','34368 Coolidge Place','penatibus et magnis dis parturient montes nascetur ridiculus mus etiam vel augue vestibulum rutrum rutrum neque aenean auctor gravida sem praesent id massa id nisl','felis sed lacus morbi sem mauris laoreet ut rhoncus aliquet pulvinar sed nisl nunc rhoncus dui vel sem sed sagittis nam congue','17'),(212,'Horatius','87 Westridge Lane','nulla justo aliquam quis turpis eget elit sodales scelerisque mauris sit amet eros suspendisse accumsan tortor quis turpis sed ante','aliquam erat volutpat in congue etiam justo etiam pretium iaculis justo in hac habitasse platea dictumst etiam faucibus cursus urna ut tellus nulla ut erat id mauris vulputate','2'),(216,'Krishnah','581 Merry Parkway','eu magna vulputate luctus cum sociis natoque penatibus et magnis dis parturient montes nascetur','ac enim in tempor turpis nec euismod scelerisque quam turpis adipiscing lorem vitae mattis nibh ligula nec','9'),(217,'Nelia','619 Bobwhite Place','suspendisse accumsan tortor quis turpis sed ante vivamus tortor duis mattis egestas metus aenean fermentum donec ut mauris eget massa','consequat lectus in est risus auctor sed tristique in tempus sit amet sem fusce consequat nulla nisl nunc nisl duis bibendum felis sed interdum venenatis turpis enim blandit','8'),(220,'Hermie','51931 Boyd Terrace','platea dictumst aliquam augue quam sollicitudin vitae consectetuer eget rutrum at lorem integer tincidunt ante','eget tincidunt eget tempus vel pede morbi porttitor lorem id ligula suspendisse ornare consequat lectus in est risus auctor sed tristique','19'),(224,'Cleavland','36173 Blaine Way','dui vel sem sed sagittis nam congue risus semper porta volutpat quam pede lobortis ligula','consequat metus sapien ut nunc vestibulum ante ipsum primis in faucibus orci luctus et ultrices posuere cubilia curae mauris viverra','18'),(227,'Benedetta','40 Center Center','ipsum ac tellus semper interdum mauris ullamcorper purus sit amet nulla quisque','dapibus augue vel accumsan tellus nisi eu orci mauris lacinia sapien quis libero nullam sit amet turpis elementum ligula vehicula consequat morbi a','18'),(229,'Michal','0375 Artisan Hill','hac habitasse platea dictumst maecenas ut massa quis augue luctus tincidunt nulla','scelerisque mauris sit amet eros suspendisse accumsan tortor quis turpis sed ante vivamus tortor duis mattis egestas','20'),(231,'Kippar','4 Kennedy Park','curae mauris viverra diam vitae quam suspendisse potenti nullam porttitor lacus at turpis donec posuere metus vitae ipsum','elit proin interdum mauris non ligula pellentesque ultrices phasellus id sapien in sapien iaculis congue vivamus metus arcu adipiscing','6'),(233,'Rosemonde','14 Randy Point','amet eros suspendisse accumsan tortor quis turpis sed ante vivamus tortor duis mattis egestas metus aenean fermentum donec ut mauris eget','hac habitasse platea dictumst maecenas ut massa quis augue luctus tincidunt nulla mollis molestie lorem quisque ut erat curabitur gravida nisi at nibh in hac habitasse platea','15'),(234,'Garret','7023 Mifflin Terrace','augue vel accumsan tellus nisi eu orci mauris lacinia sapien quis libero nullam sit amet turpis elementum ligula vehicula','ut volutpat sapien arcu sed augue aliquam erat volutpat in congue etiam justo etiam pretium iaculis justo in hac habitasse platea dictumst etiam faucibus cursus urna ut tellus nulla ut','17'),(242,'Dominga','80588 Ridgeview Terrace','accumsan tellus nisi eu orci mauris lacinia sapien quis libero nullam sit amet turpis elementum','sapien iaculis congue vivamus metus arcu adipiscing molestie hendrerit at vulputate vitae nisl aenean lectus pellentesque','11'),(243,'Delbert','55 Anniversary Center','sem fusce consequat nulla nisl nunc nisl duis bibendum felis sed interdum venenatis turpis enim blandit mi in porttitor pede justo eu massa donec dapibus duis at velit eu','mi integer ac neque duis bibendum morbi non quam nec dui luctus rutrum','12'),(248,'Sloan','3330 Melrose Terrace','massa id lobortis convallis tortor risus dapibus augue vel accumsan tellus nisi eu orci mauris lacinia sapien quis libero nullam sit amet turpis elementum ligula vehicula','ac nulla sed vel enim sit amet nunc viverra dapibus nulla suscipit ligula in lacus curabitur at','1'),(249,'Joyous','93910 Schurz Parkway','arcu adipiscing molestie hendrerit at vulputate vitae nisl aenean lectus pellentesque eget nunc donec quis orci eget orci vehicula condimentum curabitur in libero ut','aliquam non mauris morbi non lectus aliquam sit amet diam in magna bibendum','6'),(251,'Helsa','31388 Debs Circle','congue eget semper rutrum nulla nunc purus phasellus in felis','maecenas tincidunt lacus at velit vivamus vel nulla eget eros elementum pellentesque','20'),(259,'Kai','8 Express Junction','nulla ut erat id mauris vulputate elementum nullam varius nulla facilisi cras non velit nec nisi vulputate nonummy maecenas tincidunt','augue vel accumsan tellus nisi eu orci mauris lacinia sapien quis libero nullam sit amet turpis elementum ligula vehicula consequat morbi','3'),(262,'Yolande','9 Oak Parkway','viverra dapibus nulla suscipit ligula in lacus curabitur at ipsum ac tellus semper interdum mauris ullamcorper purus sit amet nulla quisque arcu libero rutrum ac lobortis vel dapibus at','sed tristique in tempus sit amet sem fusce consequat nulla nisl nunc nisl duis bibendum felis sed interdum venenatis turpis enim blandit mi in porttitor pede justo eu massa donec dapibus duis at','14'),(263,'Bryn','23826 Texas Point','turpis integer aliquet massa id lobortis convallis tortor risus dapibus augue vel accumsan tellus nisi eu orci mauris lacinia sapien quis libero nullam sit amet turpis elementum ligula','vestibulum sagittis sapien cum sociis natoque penatibus et magnis dis parturient montes nascetur ridiculus mus etiam vel augue vestibulum rutrum rutrum neque aenean auctor gravida sem','20'),(265,'Kate','54845 Loomis Crossing','ut massa quis augue luctus tincidunt nulla mollis molestie lorem quisque ut erat curabitur gravida nisi at nibh in hac habitasse platea dictumst','ipsum aliquam non mauris morbi non lectus aliquam sit amet diam in magna bibendum imperdiet','20'),(266,'Renie','36 Merry Center','quam fringilla rhoncus mauris enim leo rhoncus sed vestibulum sit amet cursus id turpis integer aliquet massa id lobortis convallis tortor','proin leo odio porttitor id consequat in consequat ut nulla sed accumsan felis ut at dolor quis odio consequat varius integer ac leo pellentesque ultrices mattis odio','9'),(267,'Sheppard','14072 Fairfield Alley','sapien dignissim vestibulum vestibulum ante ipsum primis in faucibus orci luctus et ultrices posuere cubilia curae nulla dapibus dolor vel est donec odio justo sollicitudin ut suscipit a feugiat','interdum in ante vestibulum ante ipsum primis in faucibus orci luctus et ultrices posuere cubilia curae','13'),(268,'Melisse','2 Susan Lane','lacinia nisi venenatis tristique fusce congue diam id ornare imperdiet sapien urna pretium nisl ut volutpat sapien','in hac habitasse platea dictumst maecenas ut massa quis augue luctus tincidunt nulla mollis molestie lorem quisque ut erat curabitur gravida nisi at','3'),(270,'Alma','106 Meadow Valley Trail','ipsum praesent blandit lacinia erat vestibulum sed magna at nunc commodo placerat praesent','donec diam neque vestibulum eget vulputate ut ultrices vel augue vestibulum ante ipsum primis in faucibus orci luctus','20'),(281,'Ellie','66847 Mayfield Lane','lorem quisque ut erat curabitur gravida nisi at nibh in hac habitasse platea dictumst aliquam augue quam sollicitudin vitae consectetuer','aliquam non mauris morbi non lectus aliquam sit amet diam in magna bibendum imperdiet nullam orci pede venenatis non sodales sed tincidunt eu felis fusce posuere felis sed','17'),(282,'Rosella','120 East Center','vulputate justo in blandit ultrices enim lorem ipsum dolor sit amet consectetuer adipiscing elit proin interdum mauris non ligula','nascetur ridiculus mus etiam vel augue vestibulum rutrum rutrum neque aenean auctor gravida sem praesent id massa id nisl venenatis lacinia aenean sit amet justo morbi ut','2'),(285,'Karil','818 Clemons Parkway','primis in faucibus orci luctus et ultrices posuere cubilia curae mauris viverra diam vitae quam suspendisse potenti nullam','ligula in lacus curabitur at ipsum ac tellus semper interdum mauris ullamcorper purus sit amet nulla quisque arcu libero','13'),(288,'Hunt','210 Cordelia Road','posuere nonummy integer non velit donec diam neque vestibulum eget vulputate ut ultrices vel augue vestibulum ante ipsum primis in','luctus nec molestie sed justo pellentesque viverra pede ac diam cras','19'),(289,'Ainslie','3708 Porter Pass','vel pede morbi porttitor lorem id ligula suspendisse ornare consequat lectus in est risus auctor sed tristique in tempus sit amet sem fusce','sem mauris laoreet ut rhoncus aliquet pulvinar sed nisl nunc rhoncus dui vel sem sed sagittis nam congue risus semper porta volutpat quam pede lobortis ligula sit amet eleifend pede','10'),(291,'Jonah','9 Kedzie Way','duis ac nibh fusce lacus purus aliquet at feugiat non pretium quis','vestibulum sagittis sapien cum sociis natoque penatibus et magnis dis parturient montes nascetur ridiculus mus etiam vel augue vestibulum rutrum','12'),(294,'Fabien','971 Rieder Pass','quis orci nullam molestie nibh in lectus pellentesque at nulla suspendisse potenti cras in purus eu','odio cras mi pede malesuada in imperdiet et commodo vulputate justo in blandit ultrices enim lorem ipsum dolor sit amet','4'),(296,'Chalmers','17 Clyde Gallagher Park','orci nullam molestie nibh in lectus pellentesque at nulla suspendisse potenti cras in purus eu magna vulputate luctus cum sociis natoque penatibus et magnis dis parturient montes','maecenas ut massa quis augue luctus tincidunt nulla mollis molestie','5'),(299,'Jacquenette','73936 Pankratz Junction','eu mi nulla ac enim in tempor turpis nec euismod scelerisque quam','sit amet lobortis sapien sapien non mi integer ac neque duis bibendum morbi non quam nec dui luctus rutrum nulla tellus in sagittis dui vel nisl duis','4'),(300,'Ida','5930 Grim Drive','suspendisse potenti in eleifend quam a odio in hac habitasse platea dictumst maecenas','augue a suscipit nulla elit ac nulla sed vel enim sit','17'),(301,'Dom','4 Heath Plaza','suspendisse potenti cras in purus eu magna vulputate luctus cum sociis natoque penatibus et magnis','ligula vehicula consequat morbi a ipsum integer a nibh in quis justo','7'),(305,'Ingamar','0032 Vermont Point','lobortis sapien sapien non mi integer ac neque duis bibendum morbi non quam nec dui','semper est quam pharetra magna ac consequat metus sapien ut','2'),(307,'Rena','50946 Vermont Point','pharetra magna vestibulum aliquet ultrices erat tortor sollicitudin mi sit amet lobortis sapien sapien non mi integer ac neque duis bibendum morbi non quam nec dui','elementum eu interdum eu tincidunt in leo maecenas pulvinar lobortis est phasellus sit amet erat','13'),(309,'Stephanie','39388 Mosinee Lane','amet eros suspendisse accumsan tortor quis turpis sed ante vivamus tortor duis mattis egestas metus','sed augue aliquam erat volutpat in congue etiam justo etiam pretium iaculis justo in hac habitasse platea dictumst etiam faucibus cursus urna ut','16'),(314,'Waiter','66032 Ilene Plaza','molestie nibh in lectus pellentesque at nulla suspendisse potenti cras in purus eu magna vulputate luctus cum sociis natoque penatibus et magnis','ultrices posuere cubilia curae nulla dapibus dolor vel est donec odio justo sollicitudin ut suscipit a feugiat et eros','6'),(315,'Cloris','4 Loftsgordon Pass','nisi vulputate nonummy maecenas tincidunt lacus at velit vivamus vel nulla eget eros elementum pellentesque quisque porta volutpat erat quisque erat eros viverra eget congue eget semper','sed tristique in tempus sit amet sem fusce consequat nulla nisl nunc nisl duis','17'),(317,'Carey','4519 Valley Edge Circle','morbi non lectus aliquam sit amet diam in magna bibendum imperdiet nullam orci pede','amet turpis elementum ligula vehicula consequat morbi a ipsum integer a nibh in quis justo maecenas rhoncus aliquam','14'),(322,'Melitta','16 Parkside Hill','sit amet turpis elementum ligula vehicula consequat morbi a ipsum integer a nibh in quis justo maecenas','neque aenean auctor gravida sem praesent id massa id nisl venenatis lacinia aenean sit amet','8'),(324,'Derry','6 Lillian Drive','consequat nulla nisl nunc nisl duis bibendum felis sed interdum venenatis turpis enim blandit mi in porttitor pede justo eu','ligula nec sem duis aliquam convallis nunc proin at turpis a pede posuere nonummy integer non velit donec diam neque vestibulum eget vulputate ut ultrices vel augue vestibulum ante ipsum primis','11'),(327,'Nelly','03022 Grover Crossing','enim leo rhoncus sed vestibulum sit amet cursus id turpis integer aliquet massa id lobortis convallis tortor risus dapibus augue vel accumsan tellus nisi eu orci','venenatis lacinia aenean sit amet justo morbi ut odio cras mi','2'),(328,'Umeko','03813 Bobwhite Parkway','justo pellentesque viverra pede ac diam cras pellentesque volutpat dui maecenas tristique est et tempus semper est quam pharetra magna ac consequat metus sapien ut nunc','nec condimentum neque sapien placerat ante nulla justo aliquam quis turpis eget elit sodales scelerisque mauris sit amet eros suspendisse accumsan tortor quis turpis sed','2'),(331,'Berty','446 Westend Terrace','libero ut massa volutpat convallis morbi odio odio elementum eu interdum eu tincidunt in','ligula vehicula consequat morbi a ipsum integer a nibh in quis justo maecenas rhoncus aliquam lacus morbi quis tortor id nulla ultrices aliquet maecenas leo odio condimentum id luctus nec','2'),(333,'Berny','21373 Chinook Junction','vestibulum sed magna at nunc commodo placerat praesent blandit nam','est phasellus sit amet erat nulla tempus vivamus in felis eu sapien cursus vestibulum','4'),(336,'Anetta','01160 Fisk Park','fermentum donec ut mauris eget massa tempor convallis nulla neque libero convallis eget','nam congue risus semper porta volutpat quam pede lobortis ligula sit amet eleifend pede libero quis orci nullam molestie nibh in lectus pellentesque at nulla suspendisse potenti cras in','4'),(339,'Anitra','08794 Memorial Avenue','lorem integer tincidunt ante vel ipsum praesent blandit lacinia erat vestibulum sed magna at nunc commodo placerat praesent blandit nam nulla integer pede','proin at turpis a pede posuere nonummy integer non velit donec diam neque vestibulum eget vulputate ut ultrices','15'),(340,'Tamara','6640 Commercial Parkway','integer ac leo pellentesque ultrices mattis odio donec vitae nisi nam ultrices libero non mattis pulvinar','vel lectus in quam fringilla rhoncus mauris enim leo rhoncus sed vestibulum sit amet cursus id turpis integer aliquet massa id lobortis convallis tortor risus dapibus augue vel accumsan tellus','16'),(342,'Leila','3 Bunting Court','dolor sit amet consectetuer adipiscing elit proin interdum mauris non ligula pellentesque ultrices phasellus id sapien in sapien iaculis congue vivamus metus arcu adipiscing molestie','ipsum primis in faucibus orci luctus et ultrices posuere cubilia curae mauris viverra diam vitae quam suspendisse potenti nullam porttitor lacus at turpis donec posuere metus vitae','8'),(343,'Rowney','43162 Park Meadow Pass','in blandit ultrices enim lorem ipsum dolor sit amet consectetuer adipiscing elit proin interdum mauris non ligula pellentesque ultrices phasellus id sapien in sapien iaculis congue','platea dictumst etiam faucibus cursus urna ut tellus nulla ut erat id mauris vulputate elementum nullam','13'),(348,'Devin','089 Northland Parkway','ultrices libero non mattis pulvinar nulla pede ullamcorper augue a suscipit nulla elit ac nulla sed vel enim sit amet nunc viverra dapibus nulla suscipit ligula in lacus','aliquam augue quam sollicitudin vitae consectetuer eget rutrum at lorem integer tincidunt ante vel ipsum praesent blandit lacinia erat vestibulum sed magna at nunc commodo placerat praesent blandit','20'),(349,'Oriana','7 Acker Lane','lectus vestibulum quam sapien varius ut blandit non interdum in ante vestibulum ante ipsum primis in faucibus orci luctus et','curabitur gravida nisi at nibh in hac habitasse platea dictumst aliquam augue quam sollicitudin vitae consectetuer eget rutrum at lorem integer tincidunt ante vel ipsum','13'),(350,'Burt','8702 Lunder Junction','cras mi pede malesuada in imperdiet et commodo vulputate justo in blandit ultrices enim lorem ipsum dolor sit amet consectetuer adipiscing elit proin interdum mauris non ligula','tellus nisi eu orci mauris lacinia sapien quis libero nullam sit amet turpis elementum ligula vehicula consequat morbi a ipsum integer a nibh in quis justo maecenas rhoncus aliquam','9'),(351,'Hilario','3 Tony Avenue','erat id mauris vulputate elementum nullam varius nulla facilisi cras non velit nec nisi vulputate nonummy maecenas tincidunt lacus at velit vivamus vel nulla eget','id turpis integer aliquet massa id lobortis convallis tortor risus dapibus augue vel accumsan tellus nisi eu orci mauris lacinia sapien quis','7'),(352,'Alfy','0 Lien Road','duis bibendum morbi non quam nec dui luctus rutrum nulla','quam pede lobortis ligula sit amet eleifend pede libero quis orci nullam molestie','6'),(359,'Allayne','6831 Fisk Parkway','est quam pharetra magna ac consequat metus sapien ut nunc vestibulum ante ipsum primis in faucibus orci luctus et ultrices','ultrices posuere cubilia curae donec pharetra magna vestibulum aliquet ultrices erat tortor sollicitudin mi sit amet lobortis sapien sapien non mi integer ac neque duis bibendum morbi non quam nec','18'),(367,'Gawain','93 Nova Point','sociis natoque penatibus et magnis dis parturient montes nascetur ridiculus mus etiam vel augue vestibulum rutrum rutrum neque aenean auctor gravida sem','sapien ut nunc vestibulum ante ipsum primis in faucibus orci luctus et ultrices posuere cubilia curae mauris viverra diam vitae quam suspendisse potenti nullam porttitor lacus at turpis donec posuere','8'),(369,'Grissel','0 Division Point','ornare imperdiet sapien urna pretium nisl ut volutpat sapien arcu sed augue aliquam erat','pellentesque volutpat dui maecenas tristique est et tempus semper est quam pharetra magna ac consequat metus sapien ut','1'),(373,'Ashley','90 Buena Vista Street','eros elementum pellentesque quisque porta volutpat erat quisque erat eros viverra eget congue eget semper rutrum nulla nunc purus phasellus in felis donec semper sapien','odio porttitor id consequat in consequat ut nulla sed accumsan felis ut at dolor quis odio','6'),(375,'Luisa','57 Westridge Park','sit amet sem fusce consequat nulla nisl nunc nisl duis bibendum felis sed interdum venenatis turpis enim blandit','elit sodales scelerisque mauris sit amet eros suspendisse accumsan tortor quis turpis sed ante vivamus tortor duis mattis egestas metus','19'),(377,'Amanda','83950 Acker Park','eu orci mauris lacinia sapien quis libero nullam sit amet turpis elementum ligula vehicula consequat morbi a ipsum integer a nibh in quis justo maecenas rhoncus aliquam lacus morbi','est lacinia nisi venenatis tristique fusce congue diam id ornare imperdiet sapien urna pretium nisl ut volutpat sapien arcu sed augue aliquam','20'),(380,'Ruth','147 Summer Ridge Point','praesent lectus vestibulum quam sapien varius ut blandit non interdum in ante vestibulum ante ipsum primis in faucibus','pharetra magna vestibulum aliquet ultrices erat tortor sollicitudin mi sit amet lobortis sapien sapien non mi integer ac neque duis bibendum morbi non quam','12'),(382,'Marti','48745 Buhler Circle','dapibus nulla suscipit ligula in lacus curabitur at ipsum ac tellus semper interdum mauris ullamcorper purus sit','vestibulum ante ipsum primis in faucibus orci luctus et ultrices posuere cubilia','18'),(384,'Cathrin','281 Blue Bill Park Drive','erat id mauris vulputate elementum nullam varius nulla facilisi cras non velit nec nisi vulputate nonummy maecenas tincidunt lacus at velit vivamus vel nulla eget eros elementum pellentesque','vehicula consequat morbi a ipsum integer a nibh in quis justo maecenas rhoncus aliquam lacus morbi quis tortor id nulla ultrices aliquet maecenas leo odio condimentum','9'),(385,'Desdemona','91295 Tomscot Way','et ultrices posuere cubilia curae nulla dapibus dolor vel est donec odio justo sollicitudin ut suscipit a feugiat et eros vestibulum ac est lacinia nisi venenatis','ante vivamus tortor duis mattis egestas metus aenean fermentum donec ut mauris eget massa tempor convallis nulla neque libero convallis eget eleifend luctus ultricies eu nibh quisque id justo sit','5'),(388,'Wrennie','3725 Talmadge Park','mauris laoreet ut rhoncus aliquet pulvinar sed nisl nunc rhoncus dui vel sem sed sagittis nam congue risus semper','venenatis non sodales sed tincidunt eu felis fusce posuere felis sed','12'),(389,'Jennie','1666 Mockingbird Center','nulla tellus in sagittis dui vel nisl duis ac nibh fusce lacus purus aliquet at feugiat non pretium quis lectus suspendisse potenti in eleifend quam a odio in hac habitasse','platea dictumst etiam faucibus cursus urna ut tellus nulla ut erat id mauris vulputate elementum nullam varius','2'),(390,'Kasey','98598 Merry Lane','augue vestibulum rutrum rutrum neque aenean auctor gravida sem praesent id massa id nisl venenatis lacinia aenean sit','nisl duis ac nibh fusce lacus purus aliquet at feugiat non pretium quis lectus suspendisse potenti in','13'),(391,'Loria','210 Sunnyside Avenue','diam id ornare imperdiet sapien urna pretium nisl ut volutpat sapien arcu sed augue aliquam erat volutpat in congue etiam justo','leo rhoncus sed vestibulum sit amet cursus id turpis integer aliquet massa id lobortis convallis tortor risus dapibus augue vel accumsan tellus','19'),(393,'Hill','90119 Reindahl Lane','porta volutpat quam pede lobortis ligula sit amet eleifend pede','quam turpis adipiscing lorem vitae mattis nibh ligula nec sem duis aliquam convallis nunc proin','15'),(396,'Dionysus','03428 Fuller Terrace','eget massa tempor convallis nulla neque libero convallis eget eleifend luctus ultricies eu nibh quisque id justo sit amet sapien dignissim','faucibus accumsan odio curabitur convallis duis consequat dui nec nisi volutpat eleifend donec ut dolor morbi vel lectus in quam fringilla rhoncus mauris enim leo rhoncus sed vestibulum','9'),(403,'Jerrine','4821 Sloan Plaza','rutrum neque aenean auctor gravida sem praesent id massa id nisl venenatis lacinia aenean sit amet','porttitor pede justo eu massa donec dapibus duis at velit eu est congue elementum in hac habitasse platea dictumst morbi','6'),(409,'Sibyl','4816 Park Meadow Circle','suspendisse potenti cras in purus eu magna vulputate luctus cum sociis natoque penatibus et magnis dis parturient montes nascetur ridiculus mus vivamus','pellentesque ultrices phasellus id sapien in sapien iaculis congue vivamus metus arcu adipiscing','8'),(414,'Viviyan','3 Westerfield Circle','nulla tellus in sagittis dui vel nisl duis ac nibh fusce lacus purus','sapien cum sociis natoque penatibus et magnis dis parturient montes nascetur ridiculus mus etiam vel augue vestibulum rutrum rutrum neque aenean auctor gravida sem praesent','14'),(416,'Euphemia','3321 Meadow Ridge Center','sapien ut nunc vestibulum ante ipsum primis in faucibus orci luctus et ultrices posuere cubilia curae mauris viverra diam vitae quam','consectetuer adipiscing elit proin risus praesent lectus vestibulum quam sapien varius ut blandit non interdum in','6'),(417,'Salvador','5320 Fieldstone Way','at nulla suspendisse potenti cras in purus eu magna vulputate','mauris non ligula pellentesque ultrices phasellus id sapien in sapien iaculis congue vivamus metus arcu adipiscing molestie hendrerit at vulputate vitae','14'),(419,'Brita','011 Brentwood Parkway','sapien urna pretium nisl ut volutpat sapien arcu sed augue aliquam erat volutpat in congue etiam justo etiam','ac enim in tempor turpis nec euismod scelerisque quam turpis adipiscing lorem vitae mattis nibh ligula nec sem duis aliquam convallis nunc proin','7'),(421,'Olav','35320 Burrows Parkway','etiam vel augue vestibulum rutrum rutrum neque aenean auctor gravida sem praesent id massa id','blandit ultrices enim lorem ipsum dolor sit amet consectetuer adipiscing elit proin interdum mauris non ligula pellentesque ultrices phasellus id sapien in sapien iaculis congue','16'),(425,'Wallas','5 Myrtle Way','faucibus orci luctus et ultrices posuere cubilia curae mauris viverra diam vitae quam suspendisse potenti nullam porttitor lacus at turpis donec posuere metus vitae','vestibulum sit amet cursus id turpis integer aliquet massa id lobortis convallis tortor risus dapibus augue vel accumsan tellus nisi eu','15'),(431,'Melodie','761 Sycamore Plaza','ligula sit amet eleifend pede libero quis orci nullam molestie nibh','quis odio consequat varius integer ac leo pellentesque ultrices mattis odio donec vitae nisi nam ultrices libero non mattis pulvinar nulla','19'),(434,'Jacqueline','6 Holmberg Hill','justo sollicitudin ut suscipit a feugiat et eros vestibulum ac est lacinia nisi venenatis tristique fusce congue diam id ornare imperdiet sapien urna pretium nisl ut volutpat sapien arcu sed augue','platea dictumst aliquam augue quam sollicitudin vitae consectetuer eget rutrum at lorem integer tincidunt ante vel ipsum praesent blandit lacinia erat vestibulum sed','9'),(435,'Halsey','28 Holy Cross Crossing','cras non velit nec nisi vulputate nonummy maecenas tincidunt lacus at velit vivamus vel nulla eget eros elementum pellentesque quisque porta volutpat erat quisque erat eros viverra eget','curae mauris viverra diam vitae quam suspendisse potenti nullam porttitor lacus at turpis donec posuere metus vitae','8'),(436,'Hamish','36281 Tennessee Crossing','felis sed lacus morbi sem mauris laoreet ut rhoncus aliquet pulvinar sed nisl nunc rhoncus dui vel sem sed sagittis nam congue risus semper porta volutpat quam pede lobortis ligula sit','ligula sit amet eleifend pede libero quis orci nullam molestie nibh in lectus pellentesque at nulla suspendisse potenti cras in','10'),(437,'Veronika','49128 Ludington Trail','suspendisse potenti nullam porttitor lacus at turpis donec posuere metus vitae ipsum aliquam non mauris morbi non lectus aliquam sit amet diam in magna bibendum imperdiet nullam orci pede','eget tincidunt eget tempus vel pede morbi porttitor lorem id ligula suspendisse ornare consequat lectus in est risus auctor sed tristique in tempus sit amet sem','12'),(445,'Julianne','81 Duke Center','dolor quis odio consequat varius integer ac leo pellentesque ultrices','accumsan odio curabitur convallis duis consequat dui nec nisi volutpat eleifend donec ut dolor morbi vel lectus in quam fringilla rhoncus mauris enim leo rhoncus','19'),(447,'Walther','028 School Avenue','eget orci vehicula condimentum curabitur in libero ut massa volutpat','felis donec semper sapien a libero nam dui proin leo odio','2'),(448,'Randi','47610 Cherokee Junction','cursus vestibulum proin eu mi nulla ac enim in tempor turpis nec euismod scelerisque quam turpis adipiscing lorem vitae mattis','viverra diam vitae quam suspendisse potenti nullam porttitor lacus at turpis donec posuere metus vitae ipsum aliquam non mauris morbi non lectus aliquam sit amet','15'),(449,'Mead','89013 Gale Road','leo maecenas pulvinar lobortis est phasellus sit amet erat nulla tempus vivamus in','ut volutpat sapien arcu sed augue aliquam erat volutpat in congue etiam justo etiam pretium iaculis justo in hac habitasse platea dictumst etiam faucibus cursus urna ut tellus nulla ut erat id mauris','15'),(451,'Efrem','54 Carberry Road','lacus curabitur at ipsum ac tellus semper interdum mauris ullamcorper purus sit amet nulla quisque arcu libero rutrum ac lobortis vel dapibus at diam','justo aliquam quis turpis eget elit sodales scelerisque mauris sit amet eros suspendisse accumsan tortor quis turpis sed ante vivamus tortor duis','11'),(458,'Farleigh','5 Mayfield Point','in blandit ultrices enim lorem ipsum dolor sit amet consectetuer adipiscing elit proin interdum mauris non ligula pellentesque ultrices phasellus id sapien in sapien iaculis congue vivamus','nulla suscipit ligula in lacus curabitur at ipsum ac tellus semper interdum mauris ullamcorper purus sit amet nulla quisque arcu libero rutrum ac','12'),(461,'Sumner','20 Forest Run Road','consequat nulla nisl nunc nisl duis bibendum felis sed interdum venenatis turpis enim blandit mi in porttitor pede justo eu massa donec dapibus','augue a suscipit nulla elit ac nulla sed vel enim sit amet nunc viverra dapibus nulla suscipit','9'),(465,'Gipsy','226 Onsgard Plaza','interdum mauris non ligula pellentesque ultrices phasellus id sapien in sapien iaculis congue vivamus metus arcu adipiscing molestie hendrerit at vulputate vitae nisl aenean lectus','primis in faucibus orci luctus et ultrices posuere cubilia curae mauris viverra diam vitae quam suspendisse potenti nullam porttitor lacus at turpis donec posuere metus vitae','1'),(468,'Farand','29 Crescent Oaks Plaza','velit vivamus vel nulla eget eros elementum pellentesque quisque porta volutpat erat quisque erat eros viverra eget congue eget semper rutrum nulla','nisi eu orci mauris lacinia sapien quis libero nullam sit amet turpis elementum ligula vehicula consequat morbi','17'),(470,'Padriac','03981 Declaration Avenue','platea dictumst morbi vestibulum velit id pretium iaculis diam erat','consequat nulla nisl nunc nisl duis bibendum felis sed interdum venenatis turpis enim blandit mi in porttitor pede justo eu massa donec dapibus duis at velit eu est','7'),(474,'Kizzee','3864 Prentice Drive','ac enim in tempor turpis nec euismod scelerisque quam turpis adipiscing','pulvinar lobortis est phasellus sit amet erat nulla tempus vivamus in felis eu sapien cursus vestibulum proin eu mi nulla ac enim in tempor turpis','12'),(477,'Diann','4 Oriole Alley','sem sed sagittis nam congue risus semper porta volutpat quam pede lobortis ligula sit amet eleifend','posuere cubilia curae mauris viverra diam vitae quam suspendisse potenti nullam porttitor lacus at turpis donec','6'),(482,'Kennith','397 Manitowish Center','orci mauris lacinia sapien quis libero nullam sit amet turpis elementum ligula vehicula consequat morbi a','est donec odio justo sollicitudin ut suscipit a feugiat et eros vestibulum ac est lacinia nisi venenatis tristique fusce congue diam id','12'),(484,'Timmie','99 Bay Junction','mauris lacinia sapien quis libero nullam sit amet turpis elementum ligula vehicula consequat morbi a ipsum integer a nibh in quis justo maecenas rhoncus aliquam lacus morbi quis tortor id nulla','a libero nam dui proin leo odio porttitor id consequat in consequat ut nulla sed accumsan felis ut at dolor quis odio consequat varius integer ac leo pellentesque ultrices mattis','8'),(486,'Leonerd','6104 Northwestern Circle','lorem quisque ut erat curabitur gravida nisi at nibh in hac habitasse platea dictumst aliquam augue quam sollicitudin vitae','posuere cubilia curae mauris viverra diam vitae quam suspendisse potenti nullam porttitor lacus at turpis donec posuere','10'),(487,'Junia','584 Upham Crossing','sed magna at nunc commodo placerat praesent blandit nam nulla integer pede justo lacinia eget tincidunt eget tempus vel pede morbi porttitor','in faucibus orci luctus et ultrices posuere cubilia curae donec pharetra magna vestibulum aliquet','8'),(488,'Horatio','4559 Kenwood Place','nec sem duis aliquam convallis nunc proin at turpis a pede posuere nonummy integer non velit donec diam neque vestibulum eget','consequat varius integer ac leo pellentesque ultrices mattis odio donec vitae nisi nam ultrices libero non mattis pulvinar nulla pede','17'),(489,'Alastair','9 Mcguire Avenue','parturient montes nascetur ridiculus mus etiam vel augue vestibulum rutrum rutrum neque aenean auctor gravida sem','nam ultrices libero non mattis pulvinar nulla pede ullamcorper augue a suscipit nulla elit ac nulla','20'),(490,'Garald','49337 Erie Center','congue eget semper rutrum nulla nunc purus phasellus in felis donec semper sapien a libero nam dui proin leo odio','suspendisse potenti nullam porttitor lacus at turpis donec posuere metus','12'),(491,'Kathlin','9029 Prentice Alley','quis turpis eget elit sodales scelerisque mauris sit amet eros suspendisse accumsan tortor quis turpis','cubilia curae nulla dapibus dolor vel est donec odio justo sollicitudin ut suscipit a feugiat et eros vestibulum ac est','18'),(494,'Danny','6 Summer Ridge Hill','sed magna at nunc commodo placerat praesent blandit nam nulla integer pede justo lacinia eget tincidunt eget tempus vel pede morbi porttitor lorem id ligula suspendisse ornare consequat lectus','turpis elementum ligula vehicula consequat morbi a ipsum integer a nibh in quis justo maecenas rhoncus aliquam','11'),(496,'Fulton','4407 Logan Terrace','rutrum neque aenean auctor gravida sem praesent id massa id nisl venenatis lacinia aenean sit amet justo morbi ut odio cras mi pede','facilisi cras non velit nec nisi vulputate nonummy maecenas tincidunt lacus at velit vivamus','14'),(497,'Jacinta','0866 Maryland Junction','viverra pede ac diam cras pellentesque volutpat dui maecenas tristique est et tempus semper est quam pharetra magna ac consequat','tincidunt eget tempus vel pede morbi porttitor lorem id ligula suspendisse ornare consequat lectus in est risus auctor sed tristique in tempus sit amet sem fusce','18'),(498,'Marlow','775 Badeau Avenue','venenatis turpis enim blandit mi in porttitor pede justo eu massa donec dapibus duis at velit eu est congue elementum in hac habitasse','donec ut mauris eget massa tempor convallis nulla neque libero convallis eget eleifend luctus ultricies eu nibh quisque id justo sit amet sapien dignissim vestibulum vestibulum','7'),(500,'Rena','5356 Shopko Park','volutpat convallis morbi odio odio elementum eu interdum eu tincidunt in leo maecenas pulvinar lobortis est phasellus sit amet erat nulla tempus vivamus in felis eu sapien cursus vestibulum proin eu','varius ut blandit non interdum in ante vestibulum ante ipsum primis in faucibus orci luctus et ultrices','18');
/*!40000 ALTER TABLE `client` ENABLE KEYS */;
UNLOCK TABLES;

--
-- Table structure for table `commande`
--

DROP TABLE IF EXISTS `commande`;
/*!40101 SET @saved_cs_client     = @@character_set_client */;
/*!50503 SET character_set_client = utf8mb4 */;
CREATE TABLE `commande` (
  `id` int unsigned NOT NULL AUTO_INCREMENT,
  `date` varchar(255) NOT NULL,
  `client_id` int unsigned NOT NULL,
  PRIMARY KEY (`id`),
  KEY `id` (`id`,`client_id`),
  KEY `tbl_client` (`client_id`),
  CONSTRAINT `tbl_client` FOREIGN KEY (`client_id`) REFERENCES `client` (`id`) ON DELETE CASCADE ON UPDATE CASCADE
) ENGINE=InnoDB AUTO_INCREMENT=501 DEFAULT CHARSET=utf8mb3;
/*!40101 SET character_set_client = @saved_cs_client */;

--
-- Dumping data for table `commande`
--

LOCK TABLES `commande` WRITE;
/*!40000 ALTER TABLE `commande` DISABLE KEYS */;
INSERT INTO `commande` VALUES (15,'1/31/2021',15),(19,'6/21/2021',19),(23,'6/24/2021',23),(24,'11/3/2021',24),(26,'8/17/2021',26),(29,'4/4/2021',29),(30,'4/24/2021',30),(31,'2/16/2021',31),(33,'11/27/2021',33),(34,'11/7/2021',34),(37,'4/21/2021',37),(38,'2/25/2021',38),(41,'1/19/2021',41),(44,'5/17/2021',44),(48,'7/22/2021',48),(52,'2/24/2021',52),(54,'9/20/2021',54),(56,'6/8/2021',56),(58,'3/22/2021',58),(64,'10/12/2021',64),(67,'7/6/2021',67),(68,'8/21/2021',68),(69,'8/29/2021',69),(74,'12/16/2021',74),(76,'10/2/2021',76),(84,'2/22/2021',84),(85,'11/29/2021',85),(87,'12/22/2021',87),(94,'9/29/2021',94),(95,'6/17/2021',95),(98,'10/7/2021',98),(105,'11/25/2021',105),(107,'11/10/2021',107),(108,'9/9/2021',108),(110,'3/2/2021',110),(112,'7/2/2021',112),(113,'12/12/2021',113),(117,'7/12/2021',117),(118,'10/19/2021',118),(120,'6/13/2021',120),(128,'8/7/2021',128),(129,'6/15/2021',129),(131,'8/1/2021',131),(133,'6/21/2021',133),(135,'3/18/2021',135),(141,'1/7/2022',141),(146,'3/20/2021',146),(150,'2/19/2021',150),(151,'10/28/2021',151),(155,'5/30/2021',155),(157,'10/24/2021',157),(158,'12/29/2021',158),(159,'7/11/2021',159),(160,'4/7/2021',160),(161,'8/11/2021',161),(166,'7/29/2021',166),(168,'10/20/2021',168),(169,'5/5/2021',169),(173,'7/9/2021',173),(176,'5/29/2021',176),(178,'5/18/2021',178),(180,'9/10/2021',180),(181,'11/21/2021',181),(182,'3/13/2021',182),(183,'7/20/2021',183),(184,'4/9/2021',184),(186,'2/8/2021',186),(188,'12/29/2021',188),(189,'11/4/2021',189),(190,'7/27/2021',190),(192,'3/12/2021',192),(194,'9/6/2021',194),(195,'7/22/2021',195),(196,'9/3/2021',196),(198,'9/8/2021',198),(208,'4/9/2021',208),(209,'2/7/2021',209),(212,'5/13/2021',212),(216,'4/23/2021',216),(217,'9/6/2021',217),(220,'10/1/2021',220),(224,'2/3/2021',224),(227,'9/23/2021',227),(229,'8/28/2021',229),(231,'6/6/2021',231),(233,'8/19/2021',233),(234,'10/14/2021',234),(242,'6/4/2021',242),(243,'12/11/2021',243),(248,'9/29/2021',248),(249,'7/22/2021',249),(251,'3/4/2021',251),(259,'11/17/2021',259),(262,'3/24/2021',262),(263,'12/13/2021',263),(265,'2/12/2021',265),(266,'2/22/2021',266),(267,'11/21/2021',267),(268,'10/15/2021',268),(270,'12/8/2021',270),(281,'7/8/2021',281),(282,'12/30/2021',282),(285,'12/23/2021',285),(288,'10/26/2021',288),(289,'4/30/2021',289),(291,'4/29/2021',291),(294,'8/7/2021',294),(296,'9/10/2021',296),(299,'5/16/2021',299),(300,'6/26/2021',300),(301,'11/30/2021',301),(305,'8/19/2021',305),(307,'11/28/2021',307),(309,'9/16/2021',309),(314,'5/5/2021',314),(315,'5/30/2021',315),(317,'9/22/2021',317),(322,'10/24/2021',322),(324,'8/14/2021',324),(327,'5/3/2021',327),(328,'4/23/2021',328),(331,'1/21/2021',331),(333,'8/6/2021',333),(336,'8/26/2021',336),(339,'7/16/2021',339),(340,'11/13/2021',340),(342,'2/9/2021',342),(343,'9/9/2021',343),(348,'10/26/2021',348),(349,'12/24/2021',349),(350,'11/6/2021',350),(351,'6/14/2021',351),(352,'1/12/2021',352),(359,'10/4/2021',359),(367,'7/11/2021',367),(369,'7/28/2021',369),(373,'6/29/2021',373),(375,'5/21/2021',375),(377,'7/25/2021',377),(380,'1/26/2021',380),(382,'10/18/2021',382),(384,'4/9/2021',384),(385,'5/25/2021',385),(388,'5/22/2021',388),(389,'6/15/2021',389),(390,'6/23/2021',390),(391,'2/10/2021',391),(393,'7/22/2021',393),(396,'7/10/2021',396),(403,'11/12/2021',403),(409,'9/6/2021',409),(414,'12/2/2021',414),(416,'12/6/2021',416),(417,'3/20/2021',417),(419,'11/26/2021',419),(421,'7/5/2021',421),(425,'2/21/2021',425),(431,'6/30/2021',431),(434,'5/29/2021',434),(435,'1/1/2022',435),(436,'3/5/2021',436),(437,'11/13/2021',437),(445,'1/17/2021',445),(447,'2/15/2021',447),(448,'7/27/2021',448),(449,'1/18/2021',449),(451,'6/24/2021',451),(458,'9/11/2021',458),(461,'9/4/2021',461),(465,'2/13/2021',465),(468,'6/20/2021',468),(470,'3/12/2021',470),(474,'8/2/2021',474),(477,'1/9/2022',477),(482,'2/11/2021',482),(484,'11/18/2021',484),(486,'9/25/2021',486),(487,'9/13/2021',487),(488,'2/9/2021',488),(489,'6/19/2021',489),(490,'12/2/2021',490),(491,'3/27/2021',491),(494,'12/4/2021',494),(496,'11/12/2021',496),(497,'11/28/2021',497),(498,'1/25/2021',498),(500,'9/5/2021',500);
/*!40000 ALTER TABLE `commande` ENABLE KEYS */;
UNLOCK TABLES;

--
-- Table structure for table `detail`
--

DROP TABLE IF EXISTS `detail`;
/*!40101 SET @saved_cs_client     = @@character_set_client */;
/*!50503 SET character_set_client = utf8mb4 */;
CREATE TABLE `detail` (
  `id` int unsigned NOT NULL AUTO_INCREMENT,
  `commande_id` int unsigned NOT NULL,
  `produit_id` int unsigned NOT NULL,
  PRIMARY KEY (`id`),
  KEY `idcom` (`id`,`commande_id`),
  KEY `tbl_commande` (`commande_id`),
  KEY `idprod` (`id`,`produit_id`),
  KEY `tbl_produit` (`produit_id`),
  CONSTRAINT `tbl_commande` FOREIGN KEY (`commande_id`) REFERENCES `commande` (`id`) ON DELETE CASCADE ON UPDATE CASCADE,
  CONSTRAINT `tbl_produit` FOREIGN KEY (`produit_id`) REFERENCES `produit` (`id`) ON DELETE CASCADE ON UPDATE CASCADE
) ENGINE=InnoDB AUTO_INCREMENT=501 DEFAULT CHARSET=utf8mb3;
/*!40101 SET character_set_client = @saved_cs_client */;

--
-- Dumping data for table `detail`
--

LOCK TABLES `detail` WRITE;
/*!40000 ALTER TABLE `detail` DISABLE KEYS */;
INSERT INTO `detail` VALUES (15,15,15),(19,19,19),(23,23,23),(24,24,24),(26,26,26),(29,29,29),(30,30,30),(31,31,31),(33,33,33),(34,34,34),(37,37,37),(38,38,38),(41,41,41),(44,44,44),(48,48,48),(52,52,52),(54,54,54),(56,56,56),(58,58,58),(64,64,64),(67,67,67),(68,68,68),(69,69,69),(74,74,74),(76,76,76),(84,84,84),(85,85,85),(87,87,87),(94,94,94),(95,95,95),(98,98,98),(105,105,105),(107,107,107),(108,108,108),(110,110,110),(112,112,112),(113,113,113),(117,117,117),(118,118,118),(120,120,120),(128,128,128),(129,129,129),(131,131,131),(133,133,133),(135,135,135),(141,141,141),(146,146,146),(150,150,150),(151,151,151),(155,155,155),(157,157,157),(158,158,158),(159,159,159),(160,160,160),(161,161,161),(166,166,166),(168,168,168),(169,169,169),(173,173,173),(176,176,176),(178,178,178),(180,180,180),(181,181,181),(182,182,182),(183,183,183),(184,184,184),(186,186,186),(188,188,188),(189,189,189),(190,190,190),(192,192,192),(194,194,194),(195,195,195),(196,196,196),(198,198,198),(208,208,208),(209,209,209),(212,212,212),(216,216,216),(217,217,217),(220,220,220),(224,224,224),(227,227,227),(229,229,229),(231,231,231),(233,233,233),(234,234,234),(242,242,242),(243,243,243),(248,248,248),(249,249,249),(251,251,251),(259,259,259),(262,262,262),(263,263,263),(265,265,265),(266,266,266),(267,267,267),(268,268,268),(270,270,270),(281,281,281),(282,282,282),(285,285,285),(288,288,288),(289,289,289),(291,291,291),(294,294,294),(296,296,296),(299,299,299),(300,300,300),(301,301,301),(305,305,305),(307,307,307),(309,309,309),(314,314,314),(315,315,315),(317,317,317),(322,322,322),(324,324,324),(327,327,327),(328,328,328),(331,331,331),(333,333,333),(336,336,336),(339,339,339),(340,340,340),(342,342,342),(343,343,343),(348,348,348),(349,349,349),(350,350,350),(351,351,351),(352,352,352),(359,359,359),(367,367,367),(369,369,369),(373,373,373),(375,375,375),(377,377,377),(380,380,380),(382,382,382),(384,384,384),(385,385,385),(388,388,388),(389,389,389),(390,390,390),(391,391,391),(393,393,393),(396,396,396),(403,403,403),(409,409,409),(414,414,414),(416,416,416),(417,417,417),(419,419,419),(421,421,421),(425,425,425),(431,431,431),(434,434,434),(435,435,435),(436,436,436),(437,437,437),(445,445,445),(447,447,447),(448,448,448),(449,449,449),(451,451,451),(458,458,458),(461,461,461),(465,465,465),(468,468,468),(470,470,470),(474,474,474),(477,477,477),(482,482,482),(484,484,484),(486,486,486),(487,487,487),(488,488,488),(489,489,489),(490,490,490),(491,491,491),(494,494,494),(496,496,496),(497,497,497),(498,498,498),(500,500,500);
/*!40000 ALTER TABLE `detail` ENABLE KEYS */;
UNLOCK TABLES;

--
-- Table structure for table `produit`
--

DROP TABLE IF EXISTS `produit`;
/*!40101 SET @saved_cs_client     = @@character_set_client */;
/*!50503 SET character_set_client = utf8mb4 */;
CREATE TABLE `produit` (
  `id` int unsigned NOT NULL AUTO_INCREMENT,
  `libellé` varchar(30) NOT NULL,
  `prix unitaire` varchar(200) NOT NULL,
  `qstock` varchar(200) NOT NULL,
  PRIMARY KEY (`id`)
) ENGINE=InnoDB AUTO_INCREMENT=501 DEFAULT CHARSET=utf8mb4 COLLATE=utf8mb4_0900_ai_ci;
/*!40101 SET character_set_client = @saved_cs_client */;

--
-- Dumping data for table `produit`
--

LOCK TABLES `produit` WRITE;
/*!40000 ALTER TABLE `produit` DISABLE KEYS */;
INSERT INTO `produit` VALUES (1,'Multi-channelled','Programmable','pricing structure'),(2,'Reverse-engineered','Optional','protocol'),(3,'standardization','Fully-configurable','synergy'),(4,'logistical','composite','Ergonomic'),(5,'Persistent','multi-tasking','capacity'),(6,'Stand-alone','multi-state','exuding'),(7,'Front-line','methodology','De-engineered'),(8,'full-range','Proactive','secured line'),(9,'Distributed','info-mediaries','moratorium'),(10,'attitude-oriented','scalable','Multi-tiered'),(11,'open system','Ergonomic','application'),(12,'Operative','Networked','matrices'),(13,'transitional','methodical','incremental'),(14,'conglomeration','Focused','Versatile'),(15,'circuit','Polarised','global'),(16,'task-force','hardware','Multi-layered'),(17,'complexity','tangible','national'),(18,'responsive','Progressive','global'),(19,'parallelism','Decentralized','throughput'),(20,'Centralized','background','Configurable'),(21,'array','secured line','Team-oriented'),(22,'implementation','Fundamental','4th generation'),(23,'Focused','uniform','Up-sized'),(24,'policy','data-warehouse','User-centric'),(25,'hierarchy','secured line','workforce'),(26,'4th generation','User-friendly','standardization'),(27,'Graphical User Interface','didactic','hybrid'),(28,'composite','Multi-channelled','portal'),(29,'needs-based','instruction set','Front-line'),(30,'circuit','Centralized','Extended'),(31,'framework','high-level','client-driven'),(32,'even-keeled','Optional','didactic'),(33,'cohesive','Switchable','superstructure'),(34,'leverage','moderator','encoding'),(35,'explicit','bottom-line','productivity'),(36,'Triple-buffered','Pre-emptive','5th generation'),(37,'Pre-emptive','Pre-emptive','orchestration'),(38,'solution','bifurcated','adapter'),(39,'superstructure','architecture','systemic'),(40,'knowledge base','implementation','encoding'),(41,'product','coherent','Visionary'),(42,'client-server','methodical','empowering'),(43,'bi-directional','5th generation','optimal'),(44,'5th generation','Exclusive','Open-source'),(45,'even-keeled','needs-based','demand-driven'),(46,'monitoring','Reactive','capability'),(47,'Team-oriented','leading edge','value-added'),(48,'Adaptive','Triple-buffered','exuding'),(49,'moderator','grid-enabled','process improvement'),(50,'De-engineered','Ameliorated','zero administration'),(51,'Right-sized','optimizing','optimizing'),(52,'responsive','responsive','multimedia'),(53,'Horizontal','protocol','interface'),(54,'Cross-platform','customer loyalty','Ameliorated'),(55,'neutral','uniform','Synchronised'),(56,'Synergized','solution','installation'),(57,'contingency','incremental','Ameliorated'),(58,'Compatible','Intuitive','Visionary'),(59,'Up-sized','Automated','Optimized'),(60,'Implemented','interactive','non-volatile'),(61,'pricing structure','Streamlined','emulation'),(62,'4th generation','responsive','intranet'),(63,'moderator','array','Configurable'),(64,'fault-tolerant','superstructure','Digitized'),(65,'coherent','Team-oriented','instruction set'),(66,'fault-tolerant','Ameliorated','methodology'),(67,'bandwidth-monitored','Profit-focused','knowledge base'),(68,'forecast','concept','Front-line'),(69,'bandwidth-monitored','Pre-emptive','Innovative'),(70,'interactive','Configurable','middleware'),(71,'paradigm','framework','Persevering'),(72,'knowledge base','modular','dynamic'),(73,'superstructure','zero defect','Face to face'),(74,'encompassing','middleware','Mandatory'),(75,'Configurable','optimal','Quality-focused'),(76,'algorithm','challenge','challenge'),(77,'homogeneous','Synergistic','background'),(78,'Reduced','Realigned','4th generation'),(79,'success','Graphic Interface','adapter'),(80,'Public-key','regional','maximized'),(81,'Focused','Public-key','zero defect'),(82,'Realigned','hierarchy','open architecture'),(83,'website','6th generation','human-resource'),(84,'Monitored','Fully-configurable','Assimilated'),(85,'high-level','Balanced','function'),(86,'Public-key','Realigned','4th generation'),(87,'Horizontal','Ergonomic','dynamic'),(88,'value-added','next generation','array'),(89,'solution','standardization','Secured'),(90,'superstructure','Universal','Centralized'),(91,'secondary','multi-tasking','encoding'),(92,'reciprocal','monitoring','pricing structure'),(93,'Reactive','Streamlined','Distributed'),(94,'superstructure','Multi-tiered','support'),(95,'discrete','challenge','process improvement'),(96,'interactive','user-facing','maximized'),(97,'Vision-oriented','User-centric','maximized'),(98,'Right-sized','Realigned','fault-tolerant'),(99,'5th generation','hierarchy','intangible'),(100,'well-modulated','methodical','mission-critical'),(101,'multi-state','implementation','5th generation'),(102,'encompassing','Sharable','Secured'),(103,'homogeneous','function','24/7'),(104,'Graphic Interface','incremental','Optional'),(105,'Reduced','contingency','impactful'),(106,'maximized','Centralized','24 hour'),(107,'paradigm','intangible','radical'),(108,'contextually-based','Universal','extranet'),(109,'incremental','dynamic','holistic'),(110,'attitude-oriented','Digitized','real-time'),(111,'leverage','approach','24 hour'),(112,'Compatible','zero administration','Self-enabling'),(113,'capability','Object-based','upward-trending'),(114,'ability','Extended','optimizing'),(115,'definition','local area network','Optimized'),(116,'mobile','analyzing','neural-net'),(117,'access','Multi-tiered','static'),(118,'Focused','user-facing','User-friendly'),(119,'leverage','Cross-platform','Enterprise-wide'),(120,'Object-based','moratorium','bottom-line'),(121,'zero tolerance','Streamlined','incremental'),(122,'portal','groupware','cohesive'),(123,'throughput','Multi-layered','forecast'),(124,'Profound','neural-net','superstructure'),(125,'Integrated','orchestration','focus group'),(126,'Integrated','fresh-thinking','De-engineered'),(127,'implementation','open system','Polarised'),(128,'4th generation','Grass-roots','object-oriented'),(129,'asynchronous','framework','human-resource'),(130,'global','Phased','Profound'),(131,'intangible','coherent','complexity'),(132,'challenge','interactive','scalable'),(133,'24/7','Customer-focused','support'),(134,'executive','Multi-tiered','paradigm'),(135,'solution','upward-trending','web-enabled'),(136,'matrices','national','Monitored'),(137,'Digitized','Synchronised','info-mediaries'),(138,'Open-architected','methodology','Vision-oriented'),(139,'solution','groupware','Devolved'),(140,'Grass-roots','didactic','client-server'),(141,'initiative','needs-based','client-driven'),(142,'Virtual','Synchronised','Right-sized'),(143,'empowering','Future-proofed','value-added'),(144,'initiative','reciprocal','hardware'),(145,'Re-engineered','attitude','fault-tolerant'),(146,'leverage','secured line','Integrated'),(147,'radical','productivity','moratorium'),(148,'intranet','open system','Innovative'),(149,'Digitized','client-server','capacity'),(150,'Re-contextualized','high-level','secondary'),(151,'Centralized','customer loyalty','clear-thinking'),(152,'moderator','focus group','Down-sized'),(153,'instruction set','User-centric','task-force'),(154,'synergy','Down-sized','system engine'),(155,'fault-tolerant','Business-focused','artificial intelligence'),(156,'solution-oriented','Future-proofed','Extended'),(157,'well-modulated','Mandatory','portal'),(158,'Cross-group','Polarised','well-modulated'),(159,'Phased','application','Compatible'),(160,'Quality-focused','responsive','Self-enabling'),(161,'installation','5th generation','De-engineered'),(162,'product','help-desk','6th generation'),(163,'impactful','website','Synergistic'),(164,'directional','service-desk','throughput'),(165,'Innovative','coherent','Optimized'),(166,'internet solution','time-frame','workforce'),(167,'Switchable','algorithm','even-keeled'),(168,'clear-thinking','bottom-line','homogeneous'),(169,'Balanced','Virtual','static'),(170,'Cloned','Decentralized','responsive'),(171,'archive','firmware','hardware'),(172,'regional','multi-tasking','content-based'),(173,'analyzer','portal','Graphic Interface'),(174,'Progressive','4th generation','Visionary'),(175,'Implemented','capacity','Proactive'),(176,'cohesive','exuding','client-driven'),(177,'24/7','radical','Switchable'),(178,'directional','attitude-oriented','adapter'),(179,'optimizing','instruction set','encoding'),(180,'Front-line','well-modulated','Polarised'),(181,'concept','access','4th generation'),(182,'composite','Networked','Synchronised'),(183,'Devolved','fresh-thinking','Graphical User Interface'),(184,'multimedia','Exclusive','knowledge base'),(185,'functionalities','function','Synergized'),(186,'ability','methodical','initiative'),(187,'grid-enabled','neural-net','process improvement'),(188,'static','collaboration','Customer-focused'),(189,'concept','matrix','throughput'),(190,'internet solution','firmware','directional'),(191,'challenge','Self-enabling','Fundamental'),(192,'budgetary management','methodology','concept'),(193,'bi-directional','info-mediaries','multi-state'),(194,'global','help-desk','Phased'),(195,'Synchronised','capacity','database'),(196,'responsive','Reverse-engineered','Cross-group'),(197,'Visionary','Total','toolset'),(198,'Grass-roots','artificial intelligence','website'),(199,'Compatible','function','capacity'),(200,'bottom-line','product','disintermediate'),(201,'Intuitive','Phased','foreground'),(202,'system engine','bandwidth-monitored','systematic'),(203,'global','application','process improvement'),(204,'Graphical User Interface','5th generation','initiative'),(205,'Object-based','6th generation','national'),(206,'Multi-tiered','Up-sized','secondary'),(207,'6th generation','Horizontal','Future-proofed'),(208,'radical','instruction set','approach'),(209,'infrastructure','tangible','Synergistic'),(210,'Upgradable','maximized','Re-engineered'),(211,'archive','real-time','Robust'),(212,'infrastructure','success','Operative'),(213,'paradigm','adapter','firmware'),(214,'homogeneous','Object-based','Monitored'),(215,'Business-focused','Open-source','product'),(216,'impactful','national','Operative'),(217,'impactful','Upgradable','well-modulated'),(218,'Realigned','solution','heuristic'),(219,'background','uniform','dedicated'),(220,'Face to face','Up-sized','Integrated'),(221,'tertiary','Robust','Visionary'),(222,'Profound','Reverse-engineered','orchestration'),(223,'Cross-group','Team-oriented','Multi-tiered'),(224,'3rd generation','Decentralized','User-friendly'),(225,'approach','Diverse','software'),(226,'client-driven','Function-based','encoding'),(227,'discrete','heuristic','eco-centric'),(228,'maximized','well-modulated','Open-source'),(229,'Polarised','regional','Vision-oriented'),(230,'structure','Switchable','Digitized'),(231,'reciprocal','discrete','access'),(232,'User-centric','attitude','Advanced'),(233,'demand-driven','Enterprise-wide','stable'),(234,'actuating','open architecture','24/7'),(235,'4th generation','client-server','dedicated'),(236,'Universal','success','bottom-line'),(237,'Cross-platform','structure','data-warehouse'),(238,'Devolved','website','Graphic Interface'),(239,'24/7','portal','encryption'),(240,'Universal','utilisation','systematic'),(241,'grid-enabled','Graphical User Interface','systematic'),(242,'De-engineered','Exclusive','Organized'),(243,'Total','incremental','protocol'),(244,'Balanced','Operative','Progressive'),(245,'conglomeration','Managed','Customer-focused'),(246,'process improvement','6th generation','framework'),(247,'foreground','full-range','Centralized'),(248,'motivating','Enhanced','systemic'),(249,'asynchronous','Centralized','upward-trending'),(250,'paradigm','synergy','Reduced'),(251,'Centralized','array','productivity'),(252,'Synchronised','Multi-lateral','Advanced'),(253,'User-centric','time-frame','empowering'),(254,'Implemented','flexibility','ability'),(255,'multimedia','neural-net','4th generation'),(256,'Extended','customer loyalty','software'),(257,'motivating','strategy','Multi-tiered'),(258,'support','intermediate','Visionary'),(259,'Cloned','workforce','adapter'),(260,'Total','open architecture','neural-net'),(261,'extranet','Horizontal','secured line'),(262,'scalable','Robust','alliance'),(263,'holistic','Assimilated','multimedia'),(264,'systematic','monitoring','Streamlined'),(265,'asymmetric','systematic','architecture'),(266,'Secured','Streamlined','artificial intelligence'),(267,'orchestration','data-warehouse','Cross-platform'),(268,'content-based','static','definition'),(269,'tertiary','Ergonomic','monitoring'),(270,'5th generation','Streamlined','Open-source'),(271,'grid-enabled','framework','standardization'),(272,'Business-focused','bandwidth-monitored','matrices'),(273,'Open-source','secured line','Self-enabling'),(274,'Open-source','internet solution','motivating'),(275,'Proactive','Distributed','artificial intelligence'),(276,'adapter','Automated','adapter'),(277,'zero defect','encompassing','Digitized'),(278,'attitude-oriented','Open-architected','implementation'),(279,'Multi-layered','website','secured line'),(280,'help-desk','interface','contingency'),(281,'Re-contextualized','Digitized','actuating'),(282,'static','User-friendly','definition'),(283,'open system','global','De-engineered'),(284,'Graphical User Interface','standardization','value-added'),(285,'foreground','archive','Front-line'),(286,'Monitored','local area network','Persistent'),(287,'hierarchy','discrete','array'),(288,'Graphical User Interface','benchmark','5th generation'),(289,'instruction set','mission-critical','user-facing'),(290,'Persevering','Cross-platform','local'),(291,'installation','multi-state','Reverse-engineered'),(292,'workforce','Function-based','challenge'),(293,'Optional','Profound','focus group'),(294,'capability','Proactive','Intuitive'),(295,'systematic','multimedia','full-range'),(296,'software','eco-centric','Customer-focused'),(297,'groupware','needs-based','neural-net'),(298,'synergy','hybrid','Public-key'),(299,'Stand-alone','Programmable','actuating'),(300,'object-oriented','fresh-thinking','Streamlined'),(301,'concept','approach','customer loyalty'),(302,'Polarised','Open-architected','process improvement'),(303,'complexity','Face to face','Realigned'),(304,'software','disintermediate','Balanced'),(305,'Organic','monitoring','motivating'),(306,'Optimized','middleware','dedicated'),(307,'upward-trending','moderator','Function-based'),(308,'utilisation','real-time','holistic'),(309,'superstructure','stable','intangible'),(310,'capacity','Business-focused','moderator'),(311,'5th generation','discrete','challenge'),(312,'hybrid','Cloned','Managed'),(313,'Extended','protocol','zero defect'),(314,'well-modulated','Streamlined','secondary'),(315,'Profound','secured line','adapter'),(316,'reciprocal','Expanded','synergy'),(317,'Enhanced','collaboration','matrices'),(318,'Customer-focused','open architecture','holistic'),(319,'utilisation','orchestration','Polarised'),(320,'Business-focused','middleware','system engine'),(321,'matrices','zero defect','value-added'),(322,'algorithm','Universal','scalable'),(323,'projection','Visionary','radical'),(324,'24/7','multi-tasking','non-volatile'),(325,'homogeneous','hub','Up-sized'),(326,'artificial intelligence','Multi-channelled','mission-critical'),(327,'Diverse','homogeneous','structure'),(328,'4th generation','bandwidth-monitored','flexibility'),(329,'Reactive','Re-engineered','Monitored'),(330,'impactful','throughput','24 hour'),(331,'Cross-platform','conglomeration','intranet'),(332,'Programmable','Virtual','De-engineered'),(333,'logistical','Managed','help-desk'),(334,'migration','fault-tolerant','product'),(335,'web-enabled','frame','support'),(336,'reciprocal','User-friendly','Open-architected'),(337,'needs-based','User-centric','didactic'),(338,'budgetary management','time-frame','Fully-configurable'),(339,'Centralized','Seamless','maximized'),(340,'Open-source','3rd generation','systematic'),(341,'object-oriented','radical','flexibility'),(342,'array','bandwidth-monitored','multi-tasking'),(343,'uniform','Object-based','solution-oriented'),(344,'modular','algorithm','forecast'),(345,'attitude-oriented','fault-tolerant','fresh-thinking'),(346,'system engine','discrete','success'),(347,'Digitized','transitional','uniform'),(348,'policy','discrete','neural-net'),(349,'Cross-platform','Progressive','4th generation'),(350,'coherent','Assimilated','circuit'),(351,'framework','intermediate','mobile'),(352,'monitoring','Right-sized','scalable'),(353,'policy','interface','background'),(354,'open system','value-added','6th generation'),(355,'Multi-channelled','asynchronous','open system'),(356,'mobile','encoding','Multi-lateral'),(357,'maximized','explicit','Programmable'),(358,'Advanced','client-server','algorithm'),(359,'heuristic','needs-based','Seamless'),(360,'Synchronised','extranet','context-sensitive'),(361,'standardization','concept','coherent'),(362,'Cross-group','forecast','user-facing'),(363,'extranet','coherent','instruction set'),(364,'groupware','neural-net','protocol'),(365,'Upgradable','benchmark','task-force'),(366,'complexity','analyzer','Right-sized'),(367,'zero defect','firmware','Profit-focused'),(368,'access','time-frame','demand-driven'),(369,'client-server','clear-thinking','Profound'),(370,'architecture','Realigned','Robust'),(371,'core','projection','real-time'),(372,'User-centric','tertiary','implementation'),(373,'5th generation','toolset','Programmable'),(374,'workforce','circuit','Re-contextualized'),(375,'moderator','zero defect','Intuitive'),(376,'Reverse-engineered','Programmable','challenge'),(377,'projection','Extended','coherent'),(378,'intangible','Streamlined','incremental'),(379,'high-level','Monitored','concept'),(380,'Automated','Programmable','array'),(381,'Upgradable','open system','Secured'),(382,'analyzing','system-worthy','structure'),(383,'toolset','client-server','Graphical User Interface'),(384,'implementation','synergy','Sharable'),(385,'radical','help-desk','moderator'),(386,'4th generation','Profit-focused','Self-enabling'),(387,'Exclusive','discrete','parallelism'),(388,'asynchronous','grid-enabled','time-frame'),(389,'middleware','Implemented','tertiary'),(390,'24/7','customer loyalty','incremental'),(391,'Persevering','solution-oriented','service-desk'),(392,'productivity','Synergistic','artificial intelligence'),(393,'object-oriented','Re-engineered','strategy'),(394,'Compatible','composite','Team-oriented'),(395,'fault-tolerant','Right-sized','4th generation'),(396,'Horizontal','full-range','budgetary management'),(397,'neutral','protocol','database'),(398,'contingency','fault-tolerant','regional'),(399,'Open-architected','transitional','local area network'),(400,'intangible','local','process improvement'),(401,'emulation','impactful','Diverse'),(402,'well-modulated','portal','asynchronous'),(403,'matrices','Front-line','Object-based'),(404,'Persistent','asymmetric','Fully-configurable'),(405,'Cross-group','Total','Extended'),(406,'fresh-thinking','open system','holistic'),(407,'success','foreground','capacity'),(408,'standardization','challenge','tertiary'),(409,'concept','regional','Face to face'),(410,'Synergized','budgetary management','Seamless'),(411,'strategy','structure','capacity'),(412,'frame','solution-oriented','transitional'),(413,'Vision-oriented','toolset','scalable'),(414,'Configurable','upward-trending','pricing structure'),(415,'forecast','Decentralized','solution'),(416,'middleware','website','contingency'),(417,'upward-trending','interactive','matrices'),(418,'contingency','Digitized','Synergized'),(419,'Realigned','Cloned','Managed'),(420,'regional','directional','upward-trending'),(421,'Versatile','Down-sized','Devolved'),(422,'discrete','Optional','bi-directional'),(423,'dedicated','policy','even-keeled'),(424,'service-desk','solution-oriented','De-engineered'),(425,'Intuitive','Triple-buffered','Phased'),(426,'solution-oriented','Organic','hybrid'),(427,'secured line','homogeneous','explicit'),(428,'zero defect','Monitored','mission-critical'),(429,'multimedia','Integrated','User-friendly'),(430,'Inverse','access','attitude'),(431,'Diverse','Versatile','encompassing'),(432,'Triple-buffered','Configurable','background'),(433,'data-warehouse','model','Customer-focused'),(434,'demand-driven','bifurcated','process improvement'),(435,'frame','fault-tolerant','stable'),(436,'core','monitoring','leverage'),(437,'full-range','Switchable','collaboration'),(438,'matrices','explicit','neural-net'),(439,'task-force','tangible','contextually-based'),(440,'emulation','secured line','policy'),(441,'Innovative','neural-net','Realigned'),(442,'multi-tasking','eco-centric','intranet'),(443,'open system','solution-oriented','website'),(444,'local area network','Upgradable','Progressive'),(445,'directional','Fully-configurable','background'),(446,'intangible','Synergistic','Organic'),(447,'encompassing','Reactive','definition'),(448,'well-modulated','flexibility','Reactive'),(449,'Networked','challenge','instruction set'),(450,'intranet','initiative','collaboration'),(451,'holistic','service-desk','attitude'),(452,'asymmetric','knowledge base','needs-based'),(453,'moratorium','zero administration','Cross-group'),(454,'implementation','reciprocal','alliance'),(455,'tertiary','policy','alliance'),(456,'User-friendly','algorithm','hardware'),(457,'algorithm','zero defect','Managed'),(458,'Proactive','static','Profit-focused'),(459,'Virtual','Progressive','help-desk'),(460,'initiative','multi-tasking','didactic'),(461,'motivating','Face to face','initiative'),(462,'Total','context-sensitive','Switchable'),(463,'groupware','portal','knowledge user'),(464,'Robust','Monitored','definition'),(465,'demand-driven','toolset','clear-thinking'),(466,'Re-contextualized','Realigned','matrix'),(467,'conglomeration','Down-sized','mission-critical'),(468,'Balanced','core','Team-oriented'),(469,'Distributed','Graphic Interface','Future-proofed'),(470,'4th generation','Re-engineered','Universal'),(471,'zero defect','Proactive','time-frame'),(472,'user-facing','database','Team-oriented'),(473,'website','Graphical User Interface','intangible'),(474,'Pre-emptive','approach','capacity'),(475,'project','extranet','utilisation'),(476,'Centralized','Universal','Diverse'),(477,'info-mediaries','analyzing','methodical'),(478,'transitional','dedicated','moderator'),(479,'encompassing','fault-tolerant','framework'),(480,'portal','executive','encoding'),(481,'pricing structure','Open-architected','internet solution'),(482,'web-enabled','clear-thinking','budgetary management'),(483,'internet solution','executive','encoding'),(484,'groupware','algorithm','systemic'),(485,'protocol','software','encryption'),(486,'moderator','architecture','Universal'),(487,'structure','Team-oriented','toolset'),(488,'dynamic','algorithm','Focused'),(489,'reciprocal','Quality-focused','leverage'),(490,'Horizontal','benchmark','Profound'),(491,'Mandatory','Secured','concept'),(492,'benchmark','static','matrix'),(493,'Advanced','firmware','architecture'),(494,'eco-centric','zero defect','support'),(495,'systematic','Switchable','Seamless'),(496,'mission-critical','3rd generation','emulation'),(497,'Customizable','Team-oriented','service-desk'),(498,'regional','concept','24/7'),(499,'Upgradable','asynchronous','interactive'),(500,'website','Face to face','Self-enabling');
/*!40000 ALTER TABLE `produit` ENABLE KEYS */;
UNLOCK TABLES;
/*!40103 SET TIME_ZONE=@OLD_TIME_ZONE */;

/*!40101 SET SQL_MODE=@OLD_SQL_MODE */;
/*!40014 SET FOREIGN_KEY_CHECKS=@OLD_FOREIGN_KEY_CHECKS */;
/*!40014 SET UNIQUE_CHECKS=@OLD_UNIQUE_CHECKS */;
/*!40101 SET CHARACTER_SET_CLIENT=@OLD_CHARACTER_SET_CLIENT */;
/*!40101 SET CHARACTER_SET_RESULTS=@OLD_CHARACTER_SET_RESULTS */;
/*!40101 SET COLLATION_CONNECTION=@OLD_COLLATION_CONNECTION */;
/*!40111 SET SQL_NOTES=@OLD_SQL_NOTES */;

-- Dump completed on 2022-01-18 10:04:27
